Sport,Mean,Max,Min
Equestrianism,34.39083076,72,16
Shooting,33.4222264,72,15
Curling,31.412527,58,17
Sailing,30.28884304,71,13
Archery,27.93522626,71,14
