Sport,Mean,Max,Min
Alpine Skiing,45.90100944,55,14
Archery,35.33333333,71,14
Badminton,33.4222264,44,16
Baseball,33.33333333,44,16
Triathlon,22.73303823,42,18
Water Polo,22.23218997,45,14
Weightlifting,20.56680341,45,15
Wrestling,18.73708207,50,15
