Sport,Mean,Max,Min
Athletics,25.16122324,52,12
Boxing,23.05480887,41,15
Gymnastics,22.73303823,49,10
Diving,22.48144065,51,12
Swimming,20.56680341,46,11
